Country,,,,Kenya,Kenya,Kenya,Kenya,Kenya,Kenya,Kenya,Kenya,Kenya,Kenya,Kenya,Kenya,Kenya,Kenya,Kenya,Kenya,Kenya,Kenya,Kenya,Kenya,Kenya,Kenya,Kenya,Kenya,Kenya,Kenya,Kenya,Kenya,Kenya,Kenya,Kenya,Kenya,Kenya,Kenya,Kenya,Kenya,Kenya,Kenya,Kenya,Kenya,Kenya,Kenya,Kenya,Kenya,Kenya,Kenya,Kenya,Kenya,Kenya
Market location,,,,,Nairobi,Nairobi,Nairobi,Nairobi,Nairobi,Nairobi,Nairobi,Nairobi,Nairobi,Nairobi,Eldoret,Eldoret,Eldoret,Eldoret,Kisumu,Kisumu,Kisumu,Kisumu,Kitui,Kitui,Kitui,Kitui,Lodwar (Turkana),Marsabit,Mombasa,Mombasa,Mandera,Mandera,Mandera,Mombasa,Nairobi,Wajir,Moyale,Garissa,Garissa,Garissa,Marsabit,Marsabit,Wajir,Wajir,Moyale,Moyale,Turkana,Turkana,Isiolo,Isiolo,Kajiado,Kajiado
Commodity,,,,Exchange rate,White Maize,Beans,Potatoes,Sorghum,Millet,Bread,Cooking Oil,Milk,Gasoline,Diesel,White Maize,Beans,Potatoes,Sorghum,White Maize,Beans,Potatoes,Sorghum,White Maize,Beans,Potatoes,Sorghum,White Maize,White Maize,White Maize,Beans,White Maize,Goat,Cattle,sorghum,Maize flour,Maize,Maize,Goat,Cattle,Maize,Cattle,Goat,Cattle,Goat,Cattle,Goat,Goat,Cattle,Goat,Cattle,Goat,Cattle
Price type,,,,interbank,Wholesale,Wholesale,Wholesale,Wholesale,Wholesale,Retail,Retail,Retail,Retail,Retail,Wholesale,Wholesale,Wholesale,Wholesale,Wholesale,Wholesale,Wholesale,Wholesale,retail,retail,Wholesale,Wholesale,retail,retail,Wholesale,Wholesale,retail,Retail,Retail,Wholesale,Retail,Retail,Retail,Retail,Retail,Retail,Retail,Retail,Retail,Retail,Retail,Retail,Retail,Retail,Retail,Retail,Retail,Retail
Unit,,,,USD/KES,90 kg bag,90 kg bag,90 kg bag,90 kg bag,90 kg bag,,,,1 liter,1 liter,90 kg bag,90 kg bag,90 kg bag,90 kg bag,90 kg bag,90 kg bag,90 kg bag,90 kg bag,kg,kg,90 kg bag,90 kg bag,kg,kg,90 kg bag,90 kg bag,kg,"1 live, mature goat","1 live, mature cow",90 kg bag,2kg packet,kg,kg,head,head,kg,head,head,head,head,head,head,head,head,head,head,head,head
Currency,,,,USD,KES,KES,KES,KES,KES,KES,KES,KES,KES,KES,KES,KES,KES,KES,KES,KES,KES,KES,KES,KES,KES,KES,KES,KES,KES,KES,KES,KES,KES,KES,KES,KES,KES,KES,KES,KES,KES,KES,KES,KES,KES,KES,KES,KES,KES,KES,KES,KES
Jan-00,January,1,2000,0.01412,1424.00,#N/A,#N/A,#N/A,#N/A,#N/A,#N/A,#N/A,#N/A,#N/A,1200.00,#N/A,#N/A,#N/A,1308.00,#N/A,#N/A,#N/A,#N/A,#N/A,#N/A,#N/A,#N/A,#N/A,1564.00,#N/A,#N/A,#N/A,#N/A,#N/A,#N/A,#N/A,#N/A,303.00,2497.00,16.00,4000.00,1174.00,#N/A,#N/A,2450.00,450.58,573.00,5713.00,#N/A,#N/A,#N/A,#N/A
Feb-00,February,2,2000,0.01368,1467.00,#N/A,#N/A,#N/A,#N/A,#N/A,#N/A,#N/A,#N/A,#N/A,1114.00,#N/A,#N/A,#N/A,1200.00,#N/A,#N/A,#N/A,#N/A,#N/A,#N/A,#N/A,#N/A,#N/A,1444.00,#N/A,#N/A,#N/A,#N/A,#N/A,#N/A,#N/A,#N/A,315.00,2370.00,16.00,5400.00,550.00,#N/A,#N/A,2345.75,434.25,551.00,5606.00,#N/A,#N/A,#N/A,#N/A
Mar-00,March,3,2000,0.01346,1392.00,#N/A,#N/A,#N/A,#N/A,#N/A,#N/A,#N/A,#N/A,#N/A,1282.00,#N/A,#N/A,#N/A,1341.00,#N/A,#N/A,#N/A,#N/A,#N/A,#N/A,#N/A,#N/A,#N/A,1525.00,#N/A,#N/A,#N/A,#N/A,#N/A,#N/A,#N/A,#N/A,302.00,2494.00,16.00,5400.00,550.00,#N/A,#N/A,2148.75,537.63,485.00,8612.00,#N/A,#N/A,#N/A,#N/A
Apr-00,April,4,2000,0.01347,1404.00,#N/A,#N/A,#N/A,#N/A,#N/A,#N/A,#N/A,#N/A,#N/A,1271.00,#N/A,#N/A,#N/A,1345.00,#N/A,#N/A,#N/A,#N/A,#N/A,#N/A,#N/A,#N/A,#N/A,1469.00,#N/A,#N/A,#N/A,#N/A,#N/A,#N/A,#N/A,#N/A,300.00,2574.00,18.59,5400.00,700.00,#N/A,#N/A,2608.33,541.53,441.00,3901.00,#N/A,#N/A,#N/A,#N/A
May-00,May,5,2000,0.01319,1496.00,#N/A,#N/A,#N/A,#N/A,#N/A,#N/A,#N/A,#N/A,#N/A,1262.00,#N/A,#N/A,#N/A,1545.00,#N/A,#N/A,#N/A,#N/A,#N/A,#N/A,#N/A,#N/A,#N/A,1550.00,#N/A,#N/A,#N/A,#N/A,#N/A,#N/A,#N/A,#N/A,277.00,2609.00,20.00,8750.00,700.00,#N/A,#N/A,3100.00,475.08,462.00,4850.00,#N/A,#N/A,#N/A,#N/A
Jun-00,June,6,2000,0.013,1685.00,#N/A,#N/A,#N/A,#N/A,#N/A,#N/A,#N/A,#N/A,#N/A,1448.00,#N/A,#N/A,#N/A,1692.00,#N/A,#N/A,#N/A,#N/A,#N/A,#N/A,#N/A,#N/A,#N/A,1751.00,#N/A,#N/A,#N/A,#N/A,#N/A,#N/A,#N/A,#N/A,311.00,2788.00,21.00,5550.00,809.00,#N/A,#N/A,2658.75,480.58,429.00,3600.00,#N/A,#N/A,#N/A,#N/A
Jul-00,July,7,2000,0.01311,1681.00,#N/A,#N/A,#N/A,#N/A,#N/A,#N/A,#N/A,#N/A,#N/A,1488.00,#N/A,#N/A,#N/A,1688.00,#N/A,#N/A,#N/A,#N/A,#N/A,#N/A,#N/A,#N/A,#N/A,1637.00,#N/A,#N/A,#N/A,#N/A,#N/A,#N/A,#N/A,#N/A,307.00,2918.00,24.00,7180.00,753.00,#N/A,#N/A,2743.75,571.78,434.00,14000.00,#N/A,#N/A,#N/A,#N/A
Aug-00,August,8,2000,0.0131,1655.00,#N/A,#N/A,#N/A,#N/A,#N/A,#N/A,#N/A,#N/A,#N/A,1480.00,#N/A,#N/A,#N/A,1495.00,#N/A,#N/A,#N/A,#N/A,#N/A,#N/A,#N/A,#N/A,#N/A,1597.00,#N/A,#N/A,#N/A,#N/A,#N/A,#N/A,#N/A,#N/A,318.00,3012.00,23.00,3940.00,529.00,#N/A,#N/A,2612.08,523.83,507.00,5186.00,#N/A,#N/A,#N/A,#N/A
Sep-00,September,9,2000,0.01282,1544.00,#N/A,#N/A,#N/A,#N/A,#N/A,#N/A,#N/A,#N/A,#N/A,1464.00,#N/A,#N/A,#N/A,1399.00,#N/A,#N/A,#N/A,#N/A,#N/A,#N/A,#N/A,#N/A,#N/A,1310.00,#N/A,#N/A,#N/A,#N/A,#N/A,#N/A,#N/A,#N/A,309.00,3090.00,19.45,2300.00,486.00,#N/A,#N/A,2962.88,419.83,574.00,8571.00,#N/A,#N/A,#N/A,#N/A
Oct-00,October,10,2000,0.01264,1488.00,#N/A,#N/A,#N/A,#N/A,#N/A,#N/A,#N/A,#N/A,#N/A,1326.00,#N/A,#N/A,#N/A,1357.00,#N/A,#N/A,#N/A,#N/A,#N/A,#N/A,#N/A,#N/A,#N/A,1221.00,#N/A,#N/A,#N/A,#N/A,#N/A,#N/A,#N/A,#N/A,309.00,3124.00,19.00,3940.00,427.00,#N/A,#N/A,3047.50,367.03,557.00,8425.00,#N/A,#N/A,#N/A,#N/A
Nov-00,November,11,2000,0.01271,1520.00,#N/A,#N/A,#N/A,#N/A,#N/A,#N/A,#N/A,#N/A,#N/A,1122.00,#N/A,#N/A,#N/A,1344.00,#N/A,#N/A,#N/A,#N/A,#N/A,#N/A,#N/A,#N/A,#N/A,1309.00,#N/A,#N/A,#N/A,#N/A,#N/A,#N/A,#N/A,#N/A,303.00,3201.00,18.00,2300.00,486.00,#N/A,#N/A,2621.75,404.63,670.00,7558.00,#N/A,#N/A,#N/A,#N/A
Dec-00,December,12,2000,0.01272,1490.00,#N/A,#N/A,#N/A,#N/A,#N/A,#N/A,#N/A,#N/A,#N/A,1060.00,#N/A,#N/A,#N/A,1358.00,#N/A,#N/A,#N/A,#N/A,#N/A,#N/A,#N/A,#N/A,#N/A,1377.00,#N/A,#N/A,#N/A,#N/A,#N/A,#N/A,#N/A,#N/A,296.00,2959.00,18.00,4400.00,470.00,#N/A,#N/A,2488.75,457.00,712.00,6500.00,#N/A,#N/A,#N/A,#N/A
Jan-01,January,1,2001,0.01274,1413.00,2900.00,1156.00,1488.00,1912.00,#N/A,#N/A,#N/A,#N/A,#N/A,1000.00,2017.00,967.00,767.00,1308.00,2680.00,1427.00,1217.00,#N/A,#N/A,#N/A,#N/A,13.00,27.00,1382.00,2450.00,9.99,427.00,3112.00,1583.00,#N/A,9.64,9.63,365.00,2717.00,15.00,4000.00,581.00,2973.10,408.66,2962.50,554.70,690.00,6000.00,417.13,3667.80,384.38,2968.33
Feb-01,February,2,2001,0.0128,1335.00,2525.00,850.00,1718.00,2073.00,#N/A,#N/A,#N/A,#N/A,#N/A,1067.00,2200.00,733.00,800.00,1228.00,3000.00,1500.00,1200.00,9.00,#N/A,#N/A,#N/A,11.00,22.00,1411.00,2805.00,11.09,375.00,3315.00,1634.00,#N/A,7.35,9.88,356.00,2798.00,16.00,5400.00,610.00,3145.15,422.72,2590.58,603.25,711.00,7000.00,404.88,3358.66,412.08,3006.00
Mar-01,March,3,2001,0.01288,1298.00,2533.00,733.00,1329.00,2000.00,#N/A,#N/A,#N/A,#N/A,#N/A,1016.00,2400.00,560.00,1000.00,1276.00,3120.00,1360.00,1236.00,7.00,#N/A,#N/A,#N/A,11.00,20.00,1244.00,2928.00,11.54,403.00,3263.00,1501.00,#N/A,7.64,9.70,371.00,2929.00,18.50,5400.00,600.00,3020.46,392.68,2448.75,641.80,715.00,7000.00,395.13,3620.00,400.47,2465.00
Apr-01,April,4,2001,0.01292,1244.00,2404.00,772.00,1291.00,2000.00,#N/A,#N/A,#N/A,#N/A,#N/A,884.00,2255.00,409.00,636.00,1209.00,3200.00,1086.00,1200.00,6.00,#N/A,#N/A,#N/A,11.00,20.00,1247.00,3108.00,10.38,367.00,3090.00,1331.00,#N/A,10.19,8.33,382.00,3002.00,20.00,8750.00,600.00,3145.69,304.15,2967.00,606.83,783.00,8500.00,388.00,3761.80,397.75,3173.58
May-01,May,5,2001,0.01276,1191.00,2400.00,1008.00,1275.00,2055.00,#N/A,#N/A,#N/A,#N/A,#N/A,915.00,2047.00,457.00,644.00,1200.00,3154.00,1021.00,1200.00,7.00,#N/A,#N/A,#N/A,10.00,21.00,1180.00,2890.00,10.68,373.00,3456.00,995.00,#N/A,8.59,8.60,387.00,3155.00,20.00,8750.00,600.00,2854.08,333.62,3638.75,534.08,910.00,8400.00,387.00,3715.60,428.00,3110.00
Jun-01,June,6,2001,0.01274,1182.00,2368.00,964.00,1282.00,2180.00,#N/A,#N/A,#N/A,#N/A,#N/A,806.00,2050.00,521.00,600.00,1147.00,2650.00,1033.00,1917.00,12.00,#N/A,#N/A,#N/A,10.00,20.00,1147.00,2584.00,11.65,437.00,3311.00,1113.00,#N/A,6.99,10.05,397.00,3266.00,22.00,5550.00,1033.00,2953.46,410.85,2921.25,560.65,935.00,#N/A,388.90,3531.66,429.33,3530.83
Jul-01,July,7,2001,0.01268,1063.00,2325.00,963.00,1450.00,1738.00,#N/A,#N/A,#N/A,#N/A,#N/A,793.00,1600.00,581.00,725.00,972.00,2231.00,1269.00,1000.00,12.00,#N/A,#N/A,#N/A,17.00,21.00,992.00,2169.00,10.17,427.00,3903.00,1239.00,#N/A,6.86,8.96,397.00,3441.00,23.00,6360.00,827.00,3003.54,421.41,3057.50,676.95,889.00,#N/A,400.40,3186.10,488.76,3457.86
Aug-01,August,8,2001,0.0127,1000.00,2371.00,1079.00,1464.00,1586.00,#N/A,#N/A,#N/A,#N/A,#N/A,800.00,1231.00,886.00,786.00,931.00,2200.00,1374.00,1000.00,7.00,#N/A,#N/A,#N/A,18.00,21.00,991.00,2150.00,10.99,395.00,3193.00,1412.00,#N/A,7.60,10.03,397.00,3465.00,23.00,4750.00,763.00,#N/A,#N/A,2993.75,663.13,944.00,9300.00,377.92,3635.27,415.94,3461.43
Sep-01,September,9,2001,0.01271,975.00,2300.00,1200.00,1417.00,1600.00,#N/A,#N/A,#N/A,#N/A,#N/A,790.00,1450.00,900.00,800.00,771.00,2200.00,1400.00,1000.00,9.00,#N/A,#N/A,#N/A,17.00,23.00,915.00,2285.00,8.81,396.00,3316.00,1350.00,#N/A,8.32,8.70,362.00,3456.00,24.00,6150.00,780.00,3169.18,399.39,3626.25,537.15,842.00,#N/A,403.17,3316.05,396.90,3409.29
Oct-01,October,10,2001,0.01274,917.00,2133.00,1133.00,1300.00,1533.00,#N/A,#N/A,#N/A,#N/A,#N/A,566.00,1582.00,1053.00,800.00,708.00,2363.00,1507.00,905.00,9.00,#N/A,#N/A,#N/A,17.00,22.00,850.00,2319.00,8.81,395.00,3196.00,1087.00,#N/A,10.62,9.63,385.00,3614.00,24.00,6550.00,800.00,3028.56,418.15,3568.75,479.90,740.00,7500.00,406.80,3444.38,409.86,3203.86
Nov-01,November,11,2001,0.01274,804.00,1800.00,1488.00,1266.00,1540.00,#N/A,#N/A,#N/A,#N/A,#N/A,520.00,1600.00,1291.00,782.00,703.00,2408.00,1692.00,873.00,10.00,#N/A,#N/A,#N/A,18.00,23.00,882.00,2330.00,8.63,384.00,3079.00,1473.00,#N/A,7.86,8.53,380.00,3700.00,23.00,5250.00,760.00,2980.00,402.70,2893.75,503.03,777.00,#N/A,404.93,3780.55,405.11,3169.29
Dec-01,December,12,2001,0.0128,799.00,1920.00,1000.00,1330.00,1576.00,#N/A,#N/A,#N/A,#N/A,#N/A,500.00,1600.00,1050.00,700.00,726.00,2175.00,1514.00,880.00,9.00,#N/A,#N/A,#N/A,17.00,22.00,893.00,2417.00,#N/A,356.00,2927.00,1780.00,#N/A,7.16,11.28,376.00,3901.00,20.00,3800.00,750.00,2294.23,440.95,2991.50,583.83,1021.00,#N/A,400.88,3210.50,414.61,3001.19
Jan-02,January,1,2002,0.01278,842.00,1967.00,1042.00,1310.00,1608.00,#N/A,#N/A,#N/A,#N/A,#N/A,480.00,1420.00,880.00,600.00,770.00,2400.00,1200.00,787.00,7.00,#N/A,#N/A,#N/A,12.00,21.00,850.00,2025.00,11.74,469.00,3687.00,1408.00,#N/A,9.86,9.40,463.00,3095.00,20.00,9140.00,860.00,3396.23,434.51,3043.75,607.38,1070.00,4370.00,502.70,3838.00,464.13,3136.67
Feb-02,February,2,2002,0.01284,838.00,2129.00,1143.00,1300.00,1626.00,#N/A,#N/A,#N/A,#N/A,#N/A,480.00,1600.00,990.00,600.00,733.00,2200.00,1383.00,740.00,8.00,#N/A,#N/A,#N/A,15.00,21.00,828.00,2041.00,13.75,416.00,3905.00,1290.00,#N/A,7.61,8.35,450.00,3123.00,19.00,6573.00,583.00,3454.72,411.18,2814.50,635.85,869.00,4463.33,494.20,3770.00,491.33,3363.33
Mar-02,March,3,2002,0.01288,697.00,2117.00,1178.00,1267.00,1796.00,#N/A,#N/A,#N/A,#N/A,#N/A,480.00,1675.00,1025.00,600.00,757.00,1700.00,1293.00,861.00,7.00,#N/A,#N/A,#N/A,13.00,20.00,850.00,2120.00,11.91,458.00,3966.00,814.00,#N/A,7.28,8.24,465.00,3273.00,18.00,4800.00,696.00,3147.15,414.37,2550.00,678.93,999.00,3858.33,459.93,3923.00,472.80,3463.33
Apr-02,April,4,2002,0.01286,750.00,2350.00,1172.00,1400.00,1800.00,#N/A,#N/A,#N/A,#N/A,#N/A,500.00,2000.00,1200.00,600.00,764.00,2045.00,1757.00,1129.00,7.00,#N/A,#N/A,#N/A,10.00,15.00,729.00,2154.00,11.13,411.00,3898.00,910.00,#N/A,7.82,7.66,463.00,3371.00,20.00,4900.00,689.00,3666.92,396.22,3168.75,644.08,962.00,3805.00,439.05,3997.00,443.25,3658.75
May-02,May,5,2002,0.01284,883.00,2571.00,1367.00,1714.00,1800.00,#N/A,#N/A,#N/A,#N/A,#N/A,687.00,2133.00,1167.00,667.00,942.00,2228.00,1633.00,1125.00,7.00,#N/A,#N/A,#N/A,14.00,17.00,825.00,2335.00,11.93,453.00,4069.00,855.00,#N/A,7.78,8.28,441.00,3441.00,16.00,10220.00,670.00,3513.62,428.33,3700.00,554.65,1028.00,3606.67,422.86,3947.80,485.43,3391.67
Jun-02,June,6,2002,0.01279,1048.00,2716.00,1235.00,1778.00,1938.00,#N/A,#N/A,#N/A,#N/A,#N/A,696.00,2000.00,680.00,600.00,1000.00,1395.00,1353.00,1000.00,7.00,#N/A,#N/A,#N/A,13.00,15.00,913.00,2027.00,12.95,467.00,4087.00,1021.00,#N/A,7.40,8.70,437.00,3579.00,20.00,8314.00,733.00,3687.12,506.25,3200.00,621.00,932.00,3438.33,406.36,3922.00,521.72,3934.67
Jul-02,July,7,2002,0.01276,1000.00,2453.00,897.00,1613.00,1803.00,#N/A,#N/A,#N/A,#N/A,#N/A,700.00,1644.00,483.00,622.00,925.00,1411.00,2100.00,1000.00,7.00,#N/A,#N/A,#N/A,13.00,17.00,915.00,1970.00,11.31,482.00,4370.00,963.00,#N/A,7.22,8.15,444.00,3560.00,21.00,6266.00,910.00,3724.92,505.72,3593.75,724.25,869.00,4293.33,432.72,3765.50,540.61,3844.29
Aug-02,August,8,2002,0.01279,990.00,2117.00,867.00,1417.00,1800.00,#N/A,#N/A,#N/A,#N/A,#N/A,700.00,1600.00,450.00,800.00,850.00,1690.00,1200.00,769.00,8.00,#N/A,#N/A,#N/A,12.00,17.00,854.00,2136.00,12.05,422.00,3788.00,1084.00,#N/A,7.65,7.80,449.00,3740.00,20.00,6400.00,817.00,#N/A,#N/A,3722.50,698.80,929.00,4238.33,399.58,4174.17,464.61,4078.09
Sep-02,September,9,2002,0.01275,1000.00,2235.00,1000.00,1500.00,1800.00,#N/A,#N/A,#N/A,#N/A,#N/A,800.00,1867.00,600.00,800.00,900.00,1821.00,1127.00,720.00,8.00,#N/A,#N/A,#N/A,16.00,16.00,977.00,2200.00,11.59,443.00,3739.00,1115.00,#N/A,7.58,7.73,447.00,3828.00,23.00,6397.00,746.00,3787.58,444.92,3942.50,547.38,748.00,4536.67,454.98,3921.33,515.57,3960.90
Oct-02,October,10,2002,0.01267,1060.00,2371.00,1080.00,1614.00,1821.00,#N/A,#N/A,#N/A,#N/A,#N/A,813.00,1982.00,678.00,756.00,1000.00,1980.00,1400.00,720.00,7.00,#N/A,#N/A,#N/A,15.00,16.00,1100.00,2280.00,10.87,445.00,3722.00,1312.00,#N/A,9.22,8.70,427.00,3906.00,26.00,4833.00,845.00,3398.31,469.15,4083.00,502.45,786.00,4828.17,456.76,3980.55,499.19,3865.19
Nov-02,November,11,2002,0.01264,1120.00,2500.00,1238.00,1600.00,1917.00,#N/A,#N/A,#N/A,#N/A,#N/A,840.00,2250.00,950.00,600.00,1095.00,1980.00,1525.00,720.00,7.00,#N/A,#N/A,#N/A,16.00,17.00,1200.00,2400.00,10.09,423.00,3585.00,1170.00,#N/A,7.26,8.45,416.00,4048.00,24.00,7400.00,792.00,3141.51,421.55,3250.00,521.75,746.00,4516.67,449.22,4355.83,472.16,3681.19
Dec-02,December,12,2002,0.01263,1180.00,2133.00,1267.00,1700.00,1900.00,#N/A,#N/A,#N/A,#N/A,#N/A,#N/A,#N/A,#N/A,#N/A,1120.00,1980.00,1650.00,720.00,7.00,#N/A,#N/A,#N/A,15.00,17.00,1183.00,2133.00,9.21,387.00,3211.00,1233.00,#N/A,7.11,8.73,410.00,4100.00,22.00,6580.00,767.00,3049.46,524.57,3488.75,635.70,722.00,4005.00,441.77,3623.60,479.66,3232.86
Jan-03,January,1,2003,0.01296,1190.00,2000.00,#N/A,#N/A,#N/A,#N/A,#N/A,#N/A,#N/A,#N/A,800.00,#N/A,#N/A,#N/A,1078.00,#N/A,#N/A,#N/A,8.00,#N/A,#N/A,#N/A,16.00,18.00,1150.00,2400.00,12.89,557.00,4076.00,#N/A,#N/A,10.28,8.88,581.00,3670.00,21.00,6000.00,781.00,3869.23,432.88,3420.00,648.63,639.00,4614.29,577.33,4485.26,1628.00,14607.00
Feb-03,February,2,2003,0.01307,1200.00,2075.00,#N/A,#N/A,#N/A,#N/A,#N/A,#N/A,#N/A,#N/A,824.00,#N/A,#N/A,#N/A,1050.00,#N/A,#N/A,#N/A,10.00,#N/A,#N/A,#N/A,19.00,20.00,1100.00,2190.00,13.62,488.00,4386.00,#N/A,#N/A,8.38,8.43,564.00,3577.00,23.00,4000.00,847.00,3790.77,413.54,3030.00,691.58,604.00,4783.33,558.08,4299.66,1642.00,14278.00
Mar-03,March,3,2003,0.01313,1013.00,2160.00,#N/A,#N/A,#N/A,#N/A,#N/A,#N/A,#N/A,#N/A,953.00,#N/A,#N/A,#N/A,1163.00,#N/A,#N/A,#N/A,9.00,#N/A,#N/A,#N/A,17.00,21.00,1032.00,2150.00,13.57,534.00,4485.00,#N/A,#N/A,8.38,7.63,525.00,3732.00,22.00,5900.00,795.00,4025.38,426.80,3035.00,738.05,615.00,4973.33,533.97,4377.00,1677.00,14542.00
Apr-03,April,4,2003,0.01329,1038.00,2305.00,#N/A,#N/A,#N/A,#N/A,#N/A,#N/A,#N/A,#N/A,920.00,#N/A,#N/A,#N/A,1238.00,#N/A,#N/A,#N/A,8.00,#N/A,#N/A,#N/A,13.00,21.00,1075.00,2467.00,12.93,486.00,4427.00,#N/A,#N/A,9.35,7.83,538.00,3852.00,24.00,7550.00,779.00,4156.15,411.66,3687.50,692.00,637.00,5058.33,526.85,4537.20,1521.00,14142.00
May-03,May,5,2003,0.0141,1465.00,2642.00,#N/A,#N/A,#N/A,#N/A,#N/A,#N/A,#N/A,#N/A,1396.00,#N/A,#N/A,#N/A,1550.00,#N/A,#N/A,#N/A,8.00,#N/A,#N/A,#N/A,18.00,19.00,1365.00,2986.00,13.41,564.00,4661.00,#N/A,#N/A,8.18,8.85,556.00,3994.00,24.00,9667.00,796.00,4180.77,486.76,4167.50,589.83,653.00,5015.00,529.58,4493.00,1492.00,13214.00
Jun-03,June,6,2003,0.01373,1492.00,2800.00,#N/A,#N/A,#N/A,#N/A,#N/A,#N/A,#N/A,#N/A,1497.00,#N/A,#N/A,#N/A,1743.00,#N/A,#N/A,#N/A,8.00,#N/A,#N/A,#N/A,16.00,19.00,1359.00,2702.00,14.25,585.00,5205.00,#N/A,#N/A,8.20,9.23,577.00,4125.00,24.00,9757.00,833.00,4226.92,585.17,3983.75,615.58,661.00,4780.00,496.58,4584.46,1535.00,13785.00
Jul-03,July,7,2003,0.01344,1467.00,2713.00,#N/A,#N/A,#N/A,#N/A,#N/A,#N/A,#N/A,#N/A,1680.00,#N/A,#N/A,#N/A,1738.00,#N/A,#N/A,#N/A,9.00,#N/A,#N/A,#N/A,16.00,22.00,1434.00,2100.00,13.96,589.00,5485.00,#N/A,#N/A,7.94,8.80,600.00,3979.00,24.00,6682.00,735.00,4110.00,584.85,3947.50,828.38,691.00,4250.00,536.92,4386.60,1635.00,15071.00
Aug-03,August,8,2003,0.01324,1500.00,2650.00,#N/A,#N/A,#N/A,#N/A,#N/A,#N/A,#N/A,#N/A,1480.00,#N/A,#N/A,#N/A,1533.00,#N/A,#N/A,#N/A,9.00,#N/A,#N/A,#N/A,17.00,22.00,1429.00,1947.00,12.75,597.00,4168.00,#N/A,#N/A,8.95,8.30,592.00,4032.00,24.00,6643.00,769.00,#N/A,#N/A,4177.50,805.33,605.00,4690.00,448.38,4719.72,1700.00,15071.00
Sep-03,September,9,2003,0.0129,1513.00,2500.00,#N/A,#N/A,#N/A,#N/A,#N/A,#N/A,#N/A,#N/A,1353.00,#N/A,#N/A,#N/A,1236.00,#N/A,#N/A,#N/A,10.00,#N/A,#N/A,#N/A,23.00,22.00,1281.00,2066.00,12.47,624.00,4085.00,#N/A,#N/A,8.75,8.73,610.00,4197.00,25.00,7937.00,811.00,4066.92,494.95,4480.00,606.00,607.00,4228.33,588.43,4471.33,1542.00,13714.00
Oct-03,October,10,2003,0.01292,1650.00,2760.00,#N/A,#N/A,#N/A,#N/A,#N/A,#N/A,#N/A,#N/A,1320.00,#N/A,#N/A,#N/A,1232.00,#N/A,#N/A,#N/A,9.00,#N/A,#N/A,#N/A,20.00,22.00,1284.00,2140.00,11.85,587.00,4178.00,#N/A,#N/A,10.10,9.20,592.00,4331.00,26.00,9767.00,821.00,3759.23,516.72,4603.25,577.83,576.00,3956.67,534.26,4539.88,1371.00,14142.00
Nov-03,November,11,2003,0.01308,1362.00,2599.00,#N/A,#N/A,#N/A,#N/A,#N/A,#N/A,#N/A,#N/A,#N/A,#N/A,#N/A,#N/A,1280.00,#N/A,#N/A,#N/A,8.00,#N/A,#N/A,#N/A,20.00,23.00,1288.00,2323.00,12.53,553.00,4089.00,#N/A,#N/A,8.86,9.13,556.00,4445.00,25.00,9027.00,779.00,3553.85,474.75,3770.00,586.75,616.00,3755.00,487.38,4810.55,1464.00,13142.00
Dec-03,December,12,2003,0.01322,1323.00,2723.00,#N/A,#N/A,#N/A,#N/A,#N/A,#N/A,#N/A,#N/A,920.00,#N/A,#N/A,#N/A,1190.00,#N/A,#N/A,#N/A,10.00,#N/A,#N/A,#N/A,21.00,23.00,1356.00,2106.00,12.43,524.00,3511.00,#N/A,#N/A,8.40,9.98,589.00,4350.00,25.00,7970.00,851.00,3321.54,677.05,3827.50,717.38,597.00,3586.67,526.58,4001.72,1400.00,10785.00
Jan-04,January,1,2004,0.01316,1335.00,2365.00,1505.00,1355.00,2115.00,#N/A,#N/A,#N/A,#N/A,#N/A,1139.00,2143.00,844.00,880.00,1322.00,2767.00,1700.00,1367.00,10.00,#N/A,#N/A,1800.00,18.00,23.00,#N/A,#N/A,16.15,582.00,4303.00,#N/A,#N/A,12.91,9.45,649.00,4402.00,21.00,7971.00,893.00,4256.15,471.98,4782.50,675.00,615.00,5571.67,664.50,5204.00,637.65,4686.67
Feb-04,February,2,2004,0.01314,1433.00,2456.00,1618.00,1636.00,2271.00,#N/A,#N/A,#N/A,#N/A,#N/A,1302.00,2187.00,827.00,820.00,1457.00,2917.00,1600.00,1421.00,12.00,#N/A,#N/A,1800.00,22.00,23.00,#N/A,#N/A,16.15,552.00,4543.00,#N/A,#N/A,9.86,9.73,683.00,4412.00,20.00,8027.00,703.00,4440.77,446.22,4075.00,767.88,563.00,5486.67,668.33,5024.40,682.47,4938.17
Mar-04,March,3,2004,0.013,1500.00,2554.00,1590.00,1545.00,2015.00,#N/A,#N/A,#N/A,#N/A,#N/A,1447.00,2322.00,850.00,1000.00,1667.00,2933.00,1417.00,1377.00,9.00,#N/A,#N/A,1040.00,23.00,22.00,#N/A,#N/A,15.90,506.00,4537.00,#N/A,#N/A,10.24,8.65,705.00,4607.00,23.00,9205.00,766.00,4733.08,476.76,3240.00,828.08,563.00,5175.00,647.80,5465.50,680.17,5450.00
Apr-04,April,4,2004,0.01291,1500.00,2797.00,1674.00,1616.00,2289.00,#N/A,#N/A,#N/A,#N/A,#N/A,1490.00,2600.00,750.00,1000.00,1664.00,3000.00,1660.00,1600.00,9.00,#N/A,#N/A,880.00,24.00,22.00,#N/A,#N/A,15.89,531.00,4904.00,#N/A,#N/A,11.95,8.88,712.00,4665.00,24.00,8243.00,724.00,4896.92,456.62,3660.00,757.25,556.00,5148.33,599.65,6216.80,711.05,6293.33
May-04,May,5,2004,0.01269,1500.00,2633.00,1633.00,1613.00,2520.00,#N/A,#N/A,#N/A,#N/A,#N/A,1500.00,3000.00,800.00,100.00,1660.00,3200.00,1500.00,1600.00,10.00,#N/A,#N/A,1200.00,26.00,23.00,#N/A,#N/A,16.17,642.00,5228.00,#N/A,#N/A,10.52,9.65,750.00,4798.00,24.00,8478.00,757.00,4858.46,565.85,4210.00,647.20,514.00,5028.33,582.58,5886.90,787.05,5641.67
Jun-04,June,6,2004,0.01268,1490.00,2733.00,1250.00,1820.00,2463.00,#N/A,#N/A,#N/A,#N/A,#N/A,1300.00,2000.00,700.00,800.00,1447.00,3000.00,1300.00,1200.00,10.00,#N/A,#N/A,1533.00,31.00,22.00,#N/A,#N/A,16.01,664.00,5490.00,#N/A,#N/A,10.08,10.25,780.00,4652.00,26.00,8000.00,946.00,5071.54,782.23,4662.50,685.88,626.00,5466.67,622.08,5535.00,1021.77,6903.33
Jul-04,July,7,2004,0.01256,1569.00,2980.00,1460.00,1730.00,2610.00,#N/A,#N/A,#N/A,#N/A,#N/A,1500.00,3000.00,700.00,1000.00,1690.00,3450.00,1100.00,1307.00,10.00,#N/A,#N/A,600.00,27.00,24.00,#N/A,#N/A,16.34,715.00,7342.00,#N/A,#N/A,10.31,9.70,704.00,4724.00,26.00,6617.00,778.00,5233.85,758.95,4507.50,922.40,517.00,5590.00,639.26,5839.60,922.49,7206.76
Aug-04,August,8,2004,0.01244,1617.00,2974.00,1346.00,1758.00,2589.00,#N/A,#N/A,#N/A,#N/A,#N/A,1500.00,2400.00,800.00,1300.00,1500.00,3350.00,967.00,1200.00,11.00,#N/A,#N/A,1600.00,27.00,24.00,#N/A,#N/A,15.93,677.00,4524.00,#N/A,#N/A,10.85,9.43,751.00,4770.00,26.00,7428.00,792.00,#N/A,#N/A,4795.00,917.00,601.00,5250.00,509.72,5815.22,869.16,7507.14
Sep-04,September,9,2004,0.01246,1584.00,3164.00,1510.00,1756.00,2475.00,#N/A,#N/A,#N/A,#N/A,#N/A,1450.00,2800.00,1100.00,2800.00,1533.00,3600.00,#N/A,1400.00,13.00,#N/A,#N/A,2300.00,26.00,25.00,#N/A,#N/A,16.26,677.00,4667.00,#N/A,#N/A,10.84,9.85,699.00,4920.00,24.00,8600.00,892.00,4832.31,564.02,5495.00,756.25,577.00,5273.33,735.65,5853.88,955.33,6342.37
Oct-04,October,10,2004,0.01237,1589.00,3480.00,1638.00,2000.00,2550.00,#N/A,#N/A,#N/A,#N/A,#N/A,1363.00,2800.00,533.00,#N/A,1547.00,3800.00,900.00,1440.00,13.00,#N/A,#N/A,2000.00,25.00,26.00,#N/A,#N/A,15.73,647.00,4586.00,#N/A,#N/A,11.83,11.55,736.00,4898.00,26.00,9000.00,829.00,4293.85,710.79,5200.00,617.88,543.00,5056.67,698.38,5879.17,911.59,6316.00
Nov-04,November,11,2004,0.01237,1600.00,3100.00,1713.00,1923.00,2729.00,#N/A,#N/A,#N/A,#N/A,#N/A,#N/A,#N/A,#N/A,#N/A,1545.00,3400.00,1067.00,1733.00,12.00,#N/A,#N/A,#N/A,26.00,26.00,#N/A,#N/A,16.39,660.00,4699.00,#N/A,#N/A,10.92,11.80,690.00,4950.00,24.00,7850.00,877.00,4144.62,546.18,4595.00,641.08,607.00,5265.00,716.55,5492.33,823.76,5678.26
Dec-04,December,12,2004,0.01258,1600.00,2900.00,1575.00,1800.00,2690.00,#N/A,#N/A,#N/A,#N/A,#N/A,#N/A,#N/A,#N/A,#N/A,1530.00,3400.00,1100.00,1800.00,13.00,#N/A,#N/A,#N/A,28.00,24.00,#N/A,#N/A,15.65,581.00,3721.00,#N/A,#N/A,10.77,12.48,696.00,4774.00,25.00,7000.00,890.00,4320.00,891.88,4255.00,689.83,598.00,4803.33,1685.60,4633.17,744.89,4275.86
Jan-05,January,1,2005,0.0129,1480.00,3050.00,1196.00,1943.00,2171.00,25.00,98.00,23.00,69.49,58.39,1263.00,#N/A,#N/A,#N/A,1500.00,3600.00,1050.00,1800.00,13.00,#N/A,1900.00,1500.00,24.00,24.00,1513.44,2844.00,20.00,789.00,6735.00,1727.27,#N/A,19.00,10.10,793.00,4718.00,28.00,8265.00,889.00,4048.46,424.43,3599.30,721.45,585.00,8520.00,704.83,5323.76,777.53,5555.00
Feb-05,February,2,2005,0.01306,1600.00,3000.00,1250.00,1800.00,2033.00,25.00,105.00,24.00,68.89,57.79,1220.00,2950.00,850.00,850.00,1473.00,3600.00,1033.00,1875.00,14.00,#N/A,1895.00,1500.00,23.00,24.00,1425.83,2908.00,20.00,863.00,6401.00,1800.00,#N/A,20.00,11.85,749.00,4540.00,29.00,8583.00,861.00,3955.62,449.72,2798.75,821.58,651.00,8590.00,689.13,5256.10,820.88,6150.83
Mar-05,March,3,2005,0.01346,1500.00,3092.00,1730.00,1767.00,1942.00,25.00,105.00,24.00,68.49,57.39,1200.00,4000.00,850.00,1000.00,1420.00,3950.00,1800.00,1667.00,14.00,#N/A,1800.00,2500.00,25.00,25.00,1395.71,3493.00,19.00,#N/A,4998.00,1546.67,#N/A,22.00,10.08,926.00,4278.00,30.00,7425.00,733.00,4580.77,491.55,2035.00,897.60,672.00,8370.00,698.42,5631.70,872.22,6695.00
Apr-05,April,4,2005,0.01319,1500.00,3100.00,2500.00,1875.00,2117.00,25.00,105.00,26.00,71.99,61.99,1100.00,3600.00,1050.00,1000.00,1400.00,3760.00,1560.00,1850.00,14.00,#N/A,2987.00,1867.00,26.00,26.00,1434.00,3620.00,23.00,884.00,5938.00,1633.33,#N/A,23.00,9.58,958.00,4645.00,31.00,6500.00,796.00,4886.92,541.55,3193.75,810.45,566.00,7883.33,814.72,6167.60,904.47,7243.33
May-05,May,5,2005,0.01312,1500.00,3200.00,2925.00,1950.00,2211.00,27.00,110.00,26.00,71.99,61.99,1190.00,#N/A,#N/A,#N/A,1450.00,4000.00,1588.00,1800.00,15.00,#N/A,2900.00,1800.00,27.00,25.00,1511.11,3489.00,21.00,825.00,4930.00,1746.67,#N/A,24.00,10.15,988.00,4680.00,31.00,7015.00,858.00,5236.15,599.25,3363.75,647.03,578.00,7118.33,865.00,6493.46,1054.67,7789.00
Jun-05,June,6,2005,0.01308,1510.00,3232.00,1550.00,2000.00,2279.00,25.00,98.00,22.00,72.99,62.99,1250.00,3560.00,600.00,1200.00,1550.00,3200.00,950.00,1200.00,15.00,#N/A,#N/A,#N/A,33.00,24.00,1639.64,2850.00,21.00,870.00,5826.00,1703.64,#N/A,21.00,11.25,1065.00,5097.00,31.00,7015.00,719.00,5594.62,909.79,3600.00,718.73,618.10,6116.67,708.50,6763.40,1230.47,8370.75
Jul-05,July,7,2005,0.01315,1480.00,3183.00,1192.00,1942.00,2346.00,25.00,110.00,20.00,72.49,62.49,1237.00,2125.00,555.56,1266.67,1447.00,#N/A,#N/A,#N/A,16.00,#N/A,#N/A,#N/A,28.00,25.00,1528.33,2538.00,24.00,931.00,7479.00,1625.00,#N/A,18.00,11.38,1000.00,5390.00,34.00,4223.00,725.00,5849.08,888.26,3693.75,1031.08,645.43,5375.00,749.40,7357.27,1333.11,8604.53
Aug-05,August,8,2005,0.01322,1500.00,3000.00,1000.00,2078.00,2311.00,25.00,105.00,20.00,74.99,64.99,1125.00,1631.00,621.88,1184.62,1075.00,#N/A,#N/A,#N/A,17.00,#N/A,#N/A,#N/A,29.00,24.00,1326.00,2543.00,19.00,928.00,6409.00,1550.00,#N/A,24.00,11.63,967.00,5729.00,34.00,7514.00,849.00,#N/A,#N/A,4907.50,1045.00,696.50,5761.67,653.38,6583.27,1376.80,9269.49
Sep-05,September,9,2005,0.01354,1200.00,2845.00,1048.00,1895.00,3035.00,25.00,105.00,20.00,76.99,65.99,900.00,1920.00,692.00,980.00,1182.00,#N/A,#N/A,#N/A,20.00,#N/A,1425.00,1525.00,28.00,25.00,1162.63,2511.00,24.00,1003.00,5851.00,1438.24,#N/A,25.00,11.25,952.00,6079.00,33.00,8004.00,837.00,5553.08,600.00,5607.48,1042.85,703.17,5691.67,1143.15,6650.10,1373.86,7180.67
Oct-05,October,10,2005,0.01361,1500.00,2979.00,1186.00,1879.00,2121.00,25.00,105.00,20.00,75.99,64.99,1300.00,2133.00,900.00,844.44,1087.00,#N/A,#N/A,#N/A,17.00,#N/A,1500.00,1575.00,26.00,23.00,1189.29,2500.00,24.00,838.00,5071.00,1537.14,#N/A,26.00,13.73,883.00,5379.00,32.00,7360.00,913.00,4423.08,812.08,5759.05,950.68,744.20,5283.83,922.24,6743.85,1156.59,6860.19
Nov-05,November,11,2005,0.01344,1550.00,2700.00,1720.00,1630.00,1935.00,25.00,105.00,20.00,74.99,64.99,1240.00,2400.00,1000.00,800.00,1190.00,3250.00,1592.00,1400.00,13.00,#N/A,2000.00,1600.00,26.00,24.00,1212.00,2608.00,23.00,876.00,5146.00,1546.50,#N/A,24.00,14.33,777.00,5446.00,32.00,8236.00,850.00,4436.92,650.00,4731.13,804.03,713.10,4744.45,1028.30,6341.03,1108.04,6703.16
Dec-05,December,12,2005,0.01372,1600.00,2780.00,2020.00,1640.00,1900.00,25.00,110.00,20.00,74.99,64.99,1200.00,2920.00,#N/A,#N/A,1125.00,3200.00,1760.00,1440.00,15.00,#N/A,2600.00,2000.00,27.00,21.00,1280.00,2700.00,25.00,736.00,3876.00,1500.00,#N/A,30.00,14.70,704.00,4945.00,32.00,6810.00,829.00,4385.90,1141.81,4695.53,1126.28,597.43,5933.33,1024.80,5655.08,907.49,4842.01
Jan-06,January,1,2006,0.01389,1399.00,3175.00,2525.00,1960.00,2185.00,26.00,115.00,22.00,75.99,65.99,1192.00,2799.00,#N/A,#N/A,1175.00,4000.00,1933.33,1600.00,15.00,39.00,2250.00,1800.00,26.00,21.00,1480.00,3246.00,30.00,723.00,2784.00,2071.00,50.69,30.00,13.08,818.00,4231.00,15.00,6165.00,958.00,1516.00,565.40,3803.68,826.50,655.00,7833.33,657.00,4040.00,831.00,4248.00
Feb-06,February,2,2006,0.01402,1488.00,3485.00,2780.00,2260.00,2480.00,26.00,120.00,25.00,74.99,64.99,1304.00,3150.00,1869.00,1504.00,1300.00,4000.00,2133.00,1600.00,18.00,42.00,2800.00,2000.00,28.00,22.00,1523.00,3400.00,29.00,556.00,2590.00,2280.00,52.57,30.00,16.05,747.00,4707.00,16.00,6917.00,847.00,1321.00,537.50,3523.75,1051.23,618.00,6096.12,912.00,3702.00,765.00,4166.00
Mar-06,March,3,2006,0.0139,1500.00,3760.00,2945.00,2250.00,2455.00,26.00,108.00,25.00,75.99,65.99,1162.22,3305.00,1576.75,1115.75,1433.00,4515.00,3371.25,1595.00,18.00,47.00,3100.00,2000.00,27.00,22.00,1476.00,3959.00,27.00,432.00,1685.00,2290.00,52.48,25.00,13.95,715.00,4195.00,15.00,5456.00,795.00,1300.00,545.13,2428.80,922.88,633.00,6640.00,822.00,3541.00,979.00,5078.00
Apr-06,April,4,2006,0.0141,1540.00,4310.00,2793.75,2310.00,2503.00,26.00,110.00,25.00,76.64,66.64,1277.00,3060.00,1433.00,1035.00,1520.00,4640.00,3440.00,1600.00,19.00,53.00,2800.00,2000.00,30.00,24.00,1595.00,3995.00,28.00,645.00,2013.00,2850.00,53.61,25.00,12.55,882.00,4743.00,16.00,5755.00,779.00,3765.00,876.00,3625.00,792.08,678.00,7030.00,982.00,3779.00,1122.00,6359.00
May-06,May,5,2006,0.01412,1624.76,4505.00,2014.29,2014.29,2581.00,26.00,120.00,25.00,77.89,67.89,1445.26,3311.00,1242.11,1031.58,1583.00,4543.00,2000.00,1400.00,22.00,51.00,#N/A,#N/A,26.00,22.00,1739.47,3979.00,25.00,878.00,3282.00,2768.42,55.91,24.00,12.53,969.00,5731.00,14.00,4627.00,888.00,4250.00,951.00,4182.50,792.08,674.00,7150.00,716.00,4258.00,1282.00,8051.00
Jun-06,June,6,2006,0.01384,1550.91,3017.00,1060.93,1978.07,2071.00,26.00,120.00,22.00,81.09,71.09,1549.00,2978.00,811.11,1322.22,1753.00,3340.00,1055.00,1220.00,22.00,53.00,#N/A,#N/A,27.00,20.00,1814.75,2706.00,22.00,887.00,3943.00,2566.67,56.80,23.00,14.28,981.00,6238.00,15.00,6355.00,826.00,5397.00,972.00,5962.50,1045.00,700.00,6520.00,1083.00,7166.00,1335.00,8671.00
Jul-06,July,7,2006,0.0137,1690.67,2760.00,1003.00,1680.00,2024.00,26.00,115.00,22.00,84.99,73.99,1550.00,2260.00,600.00,1000.00,1660.00,3200.00,820.00,1450.00,22.00,51.00,#N/A,#N/A,26.00,21.00,1695.00,2750.00,23.00,831.00,4420.00,2411.67,57.16,23.00,13.28,953.00,6621.00,17.00,7375.00,884.00,5682.00,1120.70,4825.00,978.00,700.00,8783.33,1011.00,6434.00,1338.00,9559.00
Aug-06,August,8,2006,0.01382,1585.75,2887.00,1576.25,1668.75,2211.00,26.00,120.00,20.00,83.99,72.99,1529.50,1975.00,843.33,925.00,1480.00,2777.00,#N/A,#N/A,21.00,42.00,#N/A,#N/A,27.00,22.00,1131.25,2799.00,23.00,1015.00,5934.00,2140.00,56.92,26.00,13.88,954.00,6475.00,15.00,6213.00,865.00,7530.00,1048.50,5265.00,904.00,730.00,7825.00,1104.00,10608.00,1345.00,9941.00
Sep-06,September,9,2006,0.01381,1278.00,3093.00,1323.13,1905.00,2016.00,26.00,120.00,20.00,85.99,74.99,1124.38,2700.00,606.25,967.50,1300.00,2811.00,#N/A,#N/A,19.00,42.00,#N/A,#N/A,29.00,20.00,1075.00,3044.00,22.00,1094.00,4732.00,2125.00,55.77,21.00,14.13,1180.00,5933.00,13.00,6652.00,844.00,7333.00,1448.40,6886.55,1206.95,747.00,7093.33,1247.00,6509.00,1281.00,9489.00
Oct-06,October,10,2006,0.0139,1293.25,3280.00,2042.50,2133.33,2333.00,26.00,120.00,20.00,79.99,69.99,1053.00,2400.00,1118.00,1020.00,1200.00,2889.00,#N/A,#N/A,19.00,44.00,#N/A,#N/A,30.00,21.00,1133.00,3024.00,23.00,994.00,5594.00,1915.00,54.97,23.00,17.88,1204.00,6681.00,15.00,6830.00,915.00,6050.00,1401.90,8233.93,1303.18,727.00,6175.00,1251.00,5721.00,1276.00,9168.00
Nov-06,November,11,2006,0.01414,1273.60,3032.00,2231.00,2108.00,2352.00,27.00,135.00,20.00,77.99,67.99,1000.00,2675.00,1325.00,1200.00,1260.00,3200.00,1610.00,1670.00,19.00,44.00,#N/A,#N/A,28.00,20.00,1148.00,2774.00,31.00,1412.00,4595.00,1736.00,53.08,19.00,18.50,1225.00,6970.00,18.00,7530.00,1143.00,7679.00,5078.00,7978.58,1583.33,772.00,7491.67,1184.00,7120.00,1370.00,9582.00
Dec-06,December,12,2006,0.01449,1245.00,3078.00,1378.75,1877.50,2090.00,27.00,140.00,24.00,76.99,66.99,1000.00,2600.00,1000.00,1400.00,1300.00,3467.00,1433.00,1400.00,20.00,44.00,#N/A,#N/A,28.00,20.00,1123.13,2759.00,28.00,1367.00,5937.00,1566.00,52.44,20.00,18.53,1350.00,6985.00,24.00,7119.50,1271.00,6500.00,1950.00,7362.50,1624.25,832.00,11727.78,1166.00,8821.00,1400.00,11141.00
Jan-07,January,1,2007,0.0144,1337.50,3107.00,1695.45,1677.27,2039.00,27.00,130.00,20.00,75.99,65.99,947.50,2730.00,1215.00,1340.00,1150.00,3300.00,1530.77,1400.00,18.00,37.00,#N/A,#N/A,30.00,16.00,1061.90,3000.00,20.00,1282.00,5005.00,1600.00,51.85,25.00,19.50,1217.00,6891.00,20.00,11325.00,1225.00,8849.00,1600.00,8072.90,1350.80,870.00,6291.67,1163.00,9000.00,1455.00,11546.00
Feb-07,February,2,2007,0.01445,1322.50,2810.00,1537.50,1670.00,1920.00,27.00,135.00,20.00,75.99,65.99,944.21,2784.00,873.68,1189.47,1200.00,3170.00,1452.94,2510.00,17.00,30.00,#N/A,#N/A,30.00,16.00,1062.50,3053.00,23.00,1214.00,4614.00,1870.00,49.68,24.00,20.00,1004.00,5833.00,16.00,9375.00,1352.00,5139.00,1417.00,8983.30,1360.70,773.00,6588.33,1075.00,8100.00,1419.00,10286.00
Mar-07,March,3,2007,0.01453,1193.80,3056.00,1304.00,1724.00,1760.00,27.00,135.00,20.00,76.99,66.99,1027.50,2729.00,1162.50,1208.33,1230.00,3530.00,1495.65,2021.74,8.00,23.00,#N/A,#N/A,30.00,14.00,1035.42,3072.00,22.00,1400.00,6281.00,1768.00,48.63,24.00,20.00,1269.00,8056.00,15.00,9012.00,1424.00,5250.00,1460.00,8000.00,1137.50,763.00,6371.67,1174.00,6718.00,1434.00,10841.00
Apr-07,April,4,2007,0.01468,1177.78,3016.00,1545.26,1721.05,1816.00,27.00,130.00,20.00,80.69,70.69,1113.33,2840.00,1366.67,1166.67,1223.00,3600.00,1623.53,1583.33,8.00,30.00,#N/A,#N/A,31.00,12.00,1047.37,3050.00,26.00,1172.00,5554.00,1621.00,47.55,26.00,20.00,1285.00,8233.00,15.00,7897.00,1141.00,5133.00,1374.00,9750.00,1233.30,775.00,6072.22,1006.00,7538.00,1452.00,10894.00
May-07,May,5,2007,0.01505,1242.86,3071.00,1900.00,1619.05,1781.00,27.00,130.00,20.00,80.99,70.99,1171.43,2772.00,1495.24,1555.00,1286.00,3257.00,1672.50,1438.10,8.00,34.00,#N/A,#N/A,29.00,15.00,1078.57,3195.00,33.00,1310.00,6128.00,1610.00,47.41,23.00,18.00,1435.00,8207.00,14.00,6918.00,1020.00,5420.00,1385.00,9500.00,1126.70,747.00,6250.00,1210.00,8021.00,1438.00,10530.00
Jun-07,June,6,2007,0.01513,1204.44,3083.00,1977.78,1570.59,1728.00,27.00,125.00,20.00,81.49,71.49,1204.71,2800.00,1200.00,1359.08,1269.00,3200.00,1561.54,1400.00,9.00,35.00,#N/A,#N/A,30.00,15.00,1200.00,3194.00,29.00,1340.00,8833.00,1553.00,47.67,21.00,15.50,1209.00,9506.00,12.00,7292.00,1029.00,5634.00,1320.00,7200.00,1200.00,773.00,10577.78,1292.00,8150.00,1416.00,10193.00
Jul-07,July,7,2007,0.01503,1215.91,3261.00,2108.70,1665.22,1796.00,28.00,140.00,20.00,81.69,71.69,1191.43,2723.00,1118.10,1389.52,1375.00,3733.00,1460.00,1400.00,9.00,35.00,2075.00,1100.00,30.00,15.00,1183.91,3311.00,25.00,1250.00,6819.00,1609.00,47.64,20.00,15.00,1206.00,9092.00,13.00,10517.00,968.00,6025.00,1375.00,7142.90,1094.40,780.00,10583.33,1281.00,9175.00,1293.00,9624.00
Aug-07,August,8,2007,0.01509,1197.73,3148.00,2147.83,1943.48,2130.00,28.00,140.00,22.00,82.49,72.49,1195.29,2412.00,1188.24,1405.88,1400.00,4000.00,1530.00,1400.00,9.00,35.00,1560.00,2525.00,28.00,15.00,1202.17,3371.74,30.00,1382.00,5832.00,1502.00,47.80,21.00,18.40,1140.00,8669.00,14.00,9318.00,1398.00,6569.00,1388.00,7350.00,1293.80,822.00,7383.33,1200.00,9020.00,1289.00,9450.00
Sep-07,September,9,2007,0.01506,1238.68,3237.00,2894.74,1810.53,2047.00,29.00,135.00,22.00,83.49,73.49,1200.77,2423.00,1192.31,1857.14,1200.00,3415.00,1657.14,1516.67,9.00,35.00,#N/A,#N/A,28.00,18.00,1230.00,3517.50,29.00,1380.00,7686.00,1775.00,47.99,23.00,18.30,1328.00,9189.00,14.00,10976.00,1391.00,6967.00,1596.00,8194.40,1396.70,801.00,8966.67,1191.00,9264.00,1278.00,9174.00
Oct-07,October,10,2007,0.01507,1229.32,3023.00,2181.82,1581.82,1995.00,30.00,135.00,23.00,86.29,76.29,1303.13,2615.00,1531.25,1518.75,1233.00,3367.00,1800.00,1500.00,9.00,35.00,2500.00,1200.00,27.00,15.00,1213.64,3272.73,31.00,1310.00,6940.00,1718.00,48.11,23.00,18.70,1408.00,9517.00,13.00,11415.00,1377.00,7005.00,1339.00,9083.30,1413.00,803.00,8191.67,1311.00,9299.00,1273.00,8905.00
Nov-07,November,11,2007,0.01537,1235.45,3300.00,2300.00,1800.00,1900.00,31.00,135.00,23.00,87.79,77.79,1214.12,2800.00,1582.35,1200.00,1307.00,4000.00,1828.57,1426.67,9.00,40.00,2325.00,1500.00,27.00,18.00,1270.00,3450.00,26.00,1400.00,6962.00,1800.00,48.22,21.00,17.80,1447.00,10667.00,13.00,12055.00,1544.00,6831.00,1109.00,888.90,1212.50,897.00,7750.00,1190.00,7987.00,1261.00,8520.00
Dec-07,December,12,2007,0.01594,1069.17,4350.00,2216.67,1833.33,2200.00,32.00,145.00,23.00,88.99,78.99,1156.25,2913.00,1662.50,1250.00,1214.00,4000.00,1933.33,1514.29,14.00,50.00,2300.00,1200.00,30.00,23.00,1274.44,3488.89,31.00,1420.00,7429.00,1820.00,48.33,24.00,20.00,1343.00,10375.00,14.00,9100.00,1204.00,6249.00,1682.00,6250.00,1389.50,894.00,11527.78,1563.00,9330.00,#N/A,8263.00
Jan-08,January,1,2008,0.0149,1347.00,3700.00,3091.58,1913.16,2311.00,33.00,162.00,20.00,91.99,81.99,1200.00,3200.00,2000.00,1400.00,1280.00,#N/A,1542.00,#N/A,16.00,55.00,3020.00,1280.00,37.00,22.00,1431.58,4373.68,31.00,1405.00,6772.00,1870.00,52.99,22.00,25.00,1474.00,11224.00,13.00,10577.00,1333.00,6249.00,1468.00,6080.00,1257.00,808.00,9200.00,1541.00,9243.00,1222.00,#N/A
Feb-08,February,2,2008,0.01477,1340.00,3800.00,2810.00,1820.00,2420.00,33.00,165.00,25.00,92.99,82.99,1000.00,3880.00,1280.00,1500.00,1350.00,7500.00,2300.00,2000.00,15.00,60.00,3000.00,1800.00,38.00,23.00,1425.00,4600.00,29.00,1395.00,7080.00,1710.00,54.50,23.00,25.00,1424.00,10093.00,12.00,11026.00,1396.00,6540.00,1283.00,6986.00,1150.00,749.00,11000.00,1660.00,8580.00,1200.00,8011.00
Mar-08,March,3,2008,0.01593,1419.00,4980.00,3125.00,2865.00,3233.00,33.00,173.00,25.00,97.99,87.99,1175.00,4000.00,1300.00,1500.00,1474.00,7500.00,3000.00,2000.00,15.00,60.00,3600.00,1200.00,35.00,24.00,1462.50,4800.00,33.00,1366.00,8328.00,1880.00,55.80,25.00,25.00,1436.00,11164.00,12.00,11889.00,2101.00,7070.00,1438.00,6986.00,1295.00,734.00,5000.00,1450.00,8420.00,1242.00,8500.00
Apr-08,April,4,2008,0.01661,1516.00,5373.00,3477.27,2518.18,3364.00,33.00,175.00,25.00,99.49,89.49,1449.00,4680.00,2073.68,1666.67,1800.00,6200.00,3277.78,1983.33,13.00,40.00,3533.33,1466.67,40.00,26.00,1625.00,4713.64,31.00,1381.00,8592.00,1909.00,63.21,27.00,29.00,1543.00,10067.00,15.00,11289.00,1879.00,7946.00,1449.00,6951.00,1232.00,696.00,6250.00,1469.00,9310.00,1372.00,10844.00
May-08,May,5,2008,0.01656,1920.00,5310.00,2745.24,2395.24,3326.00,33.00,177.00,26.00,101.99,91.99,1778.00,4800.00,1984.21,1555.56,2400.00,5647.00,3635.29,2200.00,20.00,50.00,3000.00,1200.00,55.00,27.00,1912.38,4592.86,34.00,1343.00,7911.00,2100.00,67.68,27.00,35.00,1593.00,10100.00,16.00,13110.00,1617.00,8300.00,1515.00,8871.00,1193.00,764.00,11500.00,1555.00,12107.00,1837.00,12888.00
Jun-08,June,6,2008,0.01612,2165.00,5093.00,1820.00,2535.00,3621.00,33.00,180.00,26.00,102.99,96.99,1776.00,4784.00,1153.33,1737.50,2050.00,4800.00,2322.50,2050.00,22.00,55.00,2600.00,1800.00,50.00,27.00,1909.29,4123.96,31.00,1324.00,8583.00,2081.25,68.00,28.00,38.00,1596.00,11750.00,17.00,12672.00,1988.00,8220.00,1682.00,8875.00,1247.00,700.00,12400.00,1503.00,11609.00,1576.00,11702.00
Jul-08,July,7,2008,0.01538,1933.00,4962.00,1538.10,2223.81,2600.00,33.00,183.00,25.00,107.99,103.99,1679.00,3913.00,756.25,2150.00,2253.00,4347.00,1600.00,2028.57,27.00,70.00,2250.00,1600.00,47.00,29.00,2085.71,4938.10,32.00,1266.00,7465.00,2192.86,70.29,35.00,42.50,1466.00,11167.00,26.00,11850.00,2094.00,9150.00,1477.00,11764.00,1343.00,652.00,9667.00,1526.00,11664.00,1494.00,11212.00
Aug-08,August,8,2008,0.01522,2081.00,4771.00,1714.29,2323.81,3219.00,33.00,183.00,24.00,109.50,104.50,1854.00,3456.00,705.56,1500.00,2200.00,4800.00,1745.45,2400.00,30.00,70.00,2275.00,1850.00,43.00,30.00,2125.00,5239.47,34.00,1196.00,6804.00,2677.50,77.61,36.00,32.50,1454.00,11043.00,27.00,12544.00,1783.00,8676.00,1419.00,11528.00,1110.00,726.00,8720.00,1607.00,9732.00,1490.00,10737.00
Sep-08,September,9,2008,0.01463,2083.00,4800.00,2140.00,2330.00,3465.00,34.00,183.00,24.00,106.90,101.20,2205.00,3775.00,822.50,1650.00,2200.00,4800.00,1722.50,2287.50,30.00,70.00,2475.00,2000.00,45.00,31.00,2123.13,5547.50,34.00,1079.00,6019.00,2688.13,80.80,50.00,33.00,1491.00,9567.00,26.00,11750.00,1976.00,8578.00,1361.00,9914.00,1338.00,705.00,11500.00,1408.00,9503.00,1320.00,9731.00
Oct-08,October,10,2008,0.0138,2469.00,4940.00,2624.44,2716.67,3400.00,34.00,181.00,25.00,95.90,88.90,2089.00,4233.00,1322.22,1800.00,2333.00,4800.00,2150.00,2400.00,34.00,80.00,3000.00,2000.00,44.00,32.00,2306.67,5476.67,35.00,1330.00,7324.00,3013.33,81.80,50.00,29.00,1587.00,8867.00,27.00,11750.00,1715.00,7967.00,1697.00,9660.00,1478.00,682.00,6000.00,1358.00,8483.00,1288.00,9586.00
Nov-08,November,11,2008,0.01339,2618.00,5019.00,2715.00,2862.50,3700.00,34.00,182.00,27.00,78.00,73.00,1871.00,4117.00,1508.33,1600.00,2390.00,5260.00,2106.67,2505.00,35.00,80.00,3200.00,2800.00,42.00,42.00,2482.50,4525.00,36.00,1346.00,7664.00,3121.88,91.10,72.00,29.00,1597.00,11750.00,30.00,11143.00,1296.00,7117.00,1287.00,7350.00,1725.00,812.00,3017.00,1315.00,9704.00,1600.00,10423.00
Dec-08,December,12,2008,0.01336,2411.00,4719.00,2165.00,3256.25,3811.00,34.00,180.00,27.00,75.90,70.90,1663.00,4267.00,1500.00,1633.33,2800.00,6220.00,1916.67,2441.67,30.00,65.00,2800.00,2800.00,42.00,42.00,2391.25,4402.50,37.00,1375.00,7709.00,3142.50,86.00,70.00,20.00,1667.00,13967.00,25.00,13375.00,1459.00,7841.00,1473.00,7611.00,1416.00,730.00,#N/A,1320.00,9425.00,1464.00,8864.00
Jan-09,January,1,2009,0.01315,2221.00,4825.00,2550.00,3015.00,4050.00,34.00,180.00,27.00,74.00,69.00,1743.00,4767.00,1725.00,1917.00,2800.00,6375.00,1780.00,2770.00,30.00,65.00,2650.00,3050.00,49.00,44.00,2098.75,4045.00,37.00,1354.00,7143.00,2904.75,73.00,50.00,33.80,1845.00,10798.00,24.00,13483.00,1525.00,7850.00,1308.00,6305.60,1306.00,784.00,5500.00,1302.00,9939.00,1151.00,7810.00
Feb-09,February,2,2009,0.01305,2445.00,4910.00,3035.00,3075.00,3720.00,34.00,127.00,27.00,75.00,70.00,2295.00,4617.00,1582.64,2021.00,2800.00,6380.00,2640.00,2800.00,35.00,65.00,3137.50,3700.00,43.00,42.00,2700.00,4512.50,35.00,1303.00,6948.00,3650.00,101.00,50.00,32.00,1719.00,10152.00,24.00,14697.00,1490.00,7552.00,1223.00,9582.00,1245.00,770.00,10933.00,1385.00,9589.00,1112.00,7622.00
Mar-09,March,3,2009,0.0129,2685.00,4800.00,3450.00,2800.00,4800.00,34.00,127.00,27.00,75.00,70.00,2632.00,4695.00,2261.11,2495.00,2770.00,6240.00,2775.00,2700.00,35.00,65.00,4075.00,3300.00,40.00,42.00,2517.92,4537.50,37.00,1296.00,6661.00,3351.67,96.00,50.00,25.00,1480.00,8736.00,26.00,12893.00,1559.00,7495.00,1148.00,8757.00,1387.00,778.00,11833.00,1396.00,9334.00,1110.00,6820.00
Apr-09,April,4,2009,0.01296,2731.00,4830.00,3863.75,2800.00,4800.00,34.00,126.00,27.00,74.00,68.00,2705.00,4898.00,3163.33,2469.00,2660.00,5880.00,3240.00,2480.00,35.00,70.00,5000.00,3066.67,41.00,44.00,2405.00,5013.75,39.00,1282.00,6275.00,3137.50,86.00,50.00,30.50,1417.00,8400.00,20.00,12635.00,1452.00,7516.00,1332.00,7000.00,1246.00,786.00,15000.00,1212.00,8623.00,1228.00,6806.00
May-09,May,5,2009,0.01329,3160.00,5425.00,4030.00,2800.00,4800.00,35.00,126.00,30.00,76.00,67.00,2760.00,4950.00,3180.00,2780.00,2724.00,5378.00,3437.00,2800.00,36.00,75.00,4750.00,3213.00,46.00,46.00,2475.00,5085.00,40.00,1370.00,7102.00,3210.00,87.00,52.00,28.00,1442.00,9372.00,25.00,7156.00,1336.00,6450.00,1120.00,8950.00,1445.00,810.00,14250.00,1200.00,8246.00,1274.00,6781.00
Jun-09,June,6,2009,0.01333,2854.00,5050.00,2871.00,2800.00,4790.00,34.00,126.00,30.00,75.90,67.90,2776.00,4437.00,1813.00,2913.00,2633.00,4375.00,2620.00,2354.00,36.00,80.00,3379.00,2750.00,47.70,45.00,2435.00,4440.00,43.00,1228.00,6361.00,3062.50,92.00,54.00,35.00,1359.00,7565.00,40.00,7055.00,1380.00,6333.00,1101.00,6680.00,1425.00,794.00,15000.00,1053.00,6602.00,1278.00,6420.00
Jul-09,July,7,2009,0.01351,2684.00,4500.00,1992.00,2800.00,4696.00,34.00,126.00,30.00,80.00,69.90,2817.00,4520.00,784.00,3141.00,2567.00,4318.00,1860.00,1590.00,33.00,70.00,2860.00,3160.00,52.00,47.50,2274.00,4488.00,44.00,1134.00,5957.00,2876.80,90.00,54.00,30.00,1282.00,6725.00,40.00,7274.00,1282.00,6290.00,1100.00,8025.00,1425.00,785.00,10000.00,1290.00,6160.00,1261.00,5530.00
Aug-09,August,8,2009,0.01348,2616.00,4435.00,2333.00,2800.00,4175.00,33.00,133.00,30.00,80.90,72.90,2781.00,4660.00,1028.00,3553.00,2483.00,4400.00,1375.00,2467.00,30.00,60.00,2388.00,3325.00,48.00,43.00,2239.38,4948.75,44.00,1125.00,5485.00,2880.00,86.00,56.00,35.00,1211.00,6500.00,45.00,6719.00,1412.00,6118.00,1085.00,6917.00,1250.00,772.00,13500.00,1094.00,4210.00,1253.00,4962.00
Sep-09,September,9,2009,0.01362,2650.00,4600.00,2415.00,2800.00,4000.00,33.00,139.00,30.00,82.90,76.50,2908.00,4925.00,1675.00,3500.00,2400.00,5467.00,1617.00,2467.00,30.00,60.00,2725.00,2800.00,51.00,43.00,2085.00,5143.75,40.00,1117.00,5069.00,3048.75,84.00,58.00,38.00,1200.00,6500.00,45.00,6400.00,1567.00,5550.00,850.00,6694.00,1250.00,803.00,10000.00,1026.00,5061.00,1244.00,4251.00
Oct-09,October,10,2009,0.01383,2406.00,4688.00,2936.00,2758.00,4238.00,34.00,140.00,28.00,83.90,74.90,2362.00,4850.00,2113.00,3168.00,2380.00,5550.00,1848.00,2400.00,30.00,60.00,3288.00,3200.00,51.00,43.00,2282.50,5222.50,41.00,982.00,5040.00,2745.00,82.00,58.00,35.00,1200.00,6400.00,45.00,5580.00,932.00,5820.00,960.00,7500.00,1309.00,718.00,10600.00,898.00,4037.00,1218.00,4043.00
Nov-09,November,11,2009,0.01384,2465.00,4920.00,3095.00,2700.00,4105.00,34.00,140.00,28.00,84.90,74.90,1989.00,4850.00,2455.00,3600.00,2400.00,5600.00,2713.00,2240.00,30.00,60.00,3483.00,3600.00,46.70,43.00,2322.50,5192.50,39.00,1365.00,6415.00,3150.00,83.00,58.00,36.00,1284.00,7708.00,38.00,7167.00,1456.00,6084.00,1441.00,5000.00,1350.00,768.00,10628.50,1198.00,5458.00,1232.00,4520.00
Dec-09,December,12,2009,0.01371,2692.00,4776.00,2629.00,2723.00,4379.00,34.00,140.00,28.00,83.60,76.90,2113.00,4978.00,2287.00,4000.00,2395.00,5196.00,2820.00,2434.00,30.00,60.00,3100.00,3460.00,45.80,43.00,2300.00,4413.00,36.00,1379.00,6939.00,3150.00,83.00,60.00,37.00,1326.00,9500.00,38.00,7437.50,1377.60,7489.00,1461.00,7166.00,1598.90,846.00,9625.00,1334.00,9333.00,1267.00,6584.00
Jan-10,January,1,2010,0.0137,2525.00,4592.00,2322.00,2742.00,4542.00,34.00,135.00,26.00,83.90,76.90,2142.00,5000.00,1333.00,3360.00,2395.00,4608.00,2448.00,2633.00,30.00,60.00,2700.00,2800.00,49.60,43.00,2306.67,4400.00,36.00,1390.00,7249.00,3150.00,84.10,40.00,33.50,1351.00,10500.00,38.00,6500.00,1459.00,8763.00,1501.00,8833.00,#N/A,790.00,6282.00,1244.00,10516.00,1271.00,8152.00
Feb-10,February,2,2010,0.01359,2155.00,4248.00,1745.00,2738.00,4524.00,34.00,135.00,26.00,83.90,77.40,2081.00,5010.00,883.00,3106.00,2395.00,4500.00,2428.00,2700.00,20.00,50.00,2375.00,2800.00,45.70,43.00,2115.00,4367.50,39.00,1337.00,6424.00,3227.50,83.40,42.00,37.00,1298.00,10750.00,40.00,8875.00,1540.00,8820.00,1555.00,8917.00,#N/A,785.00,9920.00,1762.00,11616.00,1311.00,9820.00
Mar-10,March,3,2010,0.01354,2072.00,4672.00,1640.00,2900.00,4384.00,34.00,137.00,24.00,88.90,77.80,1953.00,5067.00,663.00,3685.00,2400.00,4560.00,1725.00,2700.00,16.00,50.00,2300.00,1400.00,44.50,38.00,1920.00,4531.33,34.00,1427.00,7049.00,3150.00,84.00,44.00,30.00,1403.00,11000.00,40.00,9708.00,1378.00,9150.00,1580.00,7267.00,1562.00,804.00,9417.00,1954.00,12021.00,1303.00,12533.00
Apr-10,April,4,2010,0.01346,2048.00,4764.00,2262.00,2935.00,4344.00,35.00,140.00,23.00,89.90,79.00,1910.00,5033.00,932.00,3776.00,2360.00,4673.00,2025.00,2609.00,13.00,45.00,2533.00,1933.00,44.93,33.00,1821.00,4538.40,33.00,1435.00,7178.00,3060.00,77.50,44.00,25.00,1450.00,11500.00,44.00,9708.00,1600.00,9230.00,1630.00,11260.00,1413.00,933.00,12813.00,1898.00,12958.00,1327.00,12584.00
May-10,May,5,2010,0.01321,1970.00,4800.00,2305.00,3000.00,4295.00,31.00,138.00,25.00,89.90,79.90,1652.00,4178.00,1317.00,3600.00,1556.00,4328.00,2130.00,2643.00,13.00,45.00,2500.00,2700.00,46.00,33.00,1670.00,4741.25,36.00,1495.00,7693.00,2625.63,75.60,44.00,25.00,1470.00,12100.00,44.00,9000.00,2328.00,10029.00,1640.00,10900.00,1533.00,1040.00,15100.00,2140.00,10387.00,1495.00,13210.00
Jun-10,June,6,2010,0.01287,1948.00,4730.00,2306.00,2992.00,4288.00,33.00,156.00,25.00,89.90,81.90,1556.00,3627.00,1443.00,3765.00,1724.00,4252.00,2321.00,2227.00,6.00,40.00,2733.00,2000.00,44.00,33.00,1526.00,4172.00,39.00,1520.00,7834.00,2251.50,71.00,48.00,25.00,1500.00,12000.00,44.00,8500.00,1912.00,11214.00,1853.00,10911.00,1644.00,1276.00,15750.00,2222.00,13683.00,1502.00,13440.00
Jul-10,July,7,2010,0.01279,1908.00,4664.00,2975.00,3054.00,4236.00,34.00,154.00,27.00,89.90,77.90,1500.00,2842.00,1896.00,3730.00,1590.00,3820.00,2796.00,2249.00,15.00,45.00,3750.00,2200.00,43.61,33.00,1470.00,4227.00,41.00,1713.00,8353.00,1530.00,74.00,50.00,26.40,1350.00,11500.00,44.00,8500.00,2453.00,12419.00,1900.00,9833.00,1879.00,1205.00,14917.00,2260.00,13538.00,1535.00,13451.00
Aug-10,August,8,2010,0.01293,1800.00,4452.00,3497.00,2993.00,4227.00,38.00,154.00,25.00,88.00,79.00,1448.00,2783.00,2083.00,3450.00,1560.00,4133.00,3520.00,2307.00,13.00,50.00,4200.00,1800.00,44.00,33.00,1420.00,4347.00,44.00,1812.00,8501.00,1387.50,71.20,50.00,30.00,1330.00,11300.00,46.00,8500.00,2302.00,10664.00,1960.00,15860.00,2075.00,1390.00,11821.00,2382.00,14053.00,1540.00,13467.00
Sep-10,September,9,2010,0.01286,1733.00,4400.00,3669.00,2904.00,4008.00,38.00,160.00,30.00,93.90,81.90,1197.00,3000.00,1821.00,4733.00,1600.00,5760.00,3195.00,2843.00,13.00,50.00,4050.00,1800.00,46.29,32.00,1280.00,4324.00,45.00,2098.00,8678.00,1350.00,65.00,50.00,32.00,1320.00,11200.00,48.00,7500.00,2883.00,10500.00,1980.00,14166.00,2477.00,1452.00,14312.00,2451.00,8765.00,1542.00,13472.00
Oct-10,October,10,2010,0.01285,1600.00,4450.00,3270.00,2885.00,4055.00,38.00,182.00,34.00,94.50,88.90,1200.00,4400.00,1867.00,1867.00,1688.00,5200.00,3421.00,2189.00,14.00,60.00,3600.00,1800.00,44.00,30.00,1205.00,4533.00,45.00,2113.00,8766.00,1350.00,61.90,52.00,33.80,1300.00,11000.00,50.00,16860.00,2673.00,10500.00,1818.00,11520.00,2498.00,1445.00,16660.70,2563.00,12525.00,1547.00,13523.00
Nov-10,November,11,2010,0.01296,1600.00,4455.00,2710.00,2975.00,4000.00,38.00,187.00,34.00,98.50,89.30,1210.00,3990.00,1777.00,1842.00,1800.00,4990.00,3455.00,2250.00,18.00,60.00,3100.00,2100.00,44.70,32.00,1510.00,4310.00,47.00,2175.00,8835.00,1547.00,66.00,54.00,25.00,1300.00,10000.00,50.00,14150.00,2599.00,9500.00,2100.00,#N/A,2320.00,1324.00,15833.00,3361.00,8120.00,1560.00,13550.00
Dec-10,December,12,2010,0.01287,1792.00,4752.00,2612.00,2764.00,4400.00,39.00,192.00,34.00,94.03,87.46,1233.00,4025.00,1712.00,1808.00,2000.00,5156.00,3204.00,2386.00,16.00,60.00,3400.00,2700.00,42.29,32.00,1600.00,3816.00,49.00,1933.00,8057.00,2418.00,65.00,54.00,30.00,1200.00,8000.00,50.00,13150.00,2493.00,6400.00,1900.00,#N/A,1169.00,1370.00,12413.00,2489.00,10000.00,1571.00,13610.00
Jan-11,January,1,2011,0.01278,2000.00,4730.00,2979.00,2888.00,4500.00,38.00,196.00,34.00,98.08,91.00,1390.00,4780.00,1780.00,1700.00,2031.00,5320.00,3300.00,2438.00,17.00,60.00,3200.00,2700.00,44.00,38.00,1710.00,4229.00,44.00,1683.00,7382.00,2700.00,70.72,48.00,35.00,1150.00,7000.00,50.00,12000.00,2415.00,4800.00,1500.00,4287.00,1028.00,1265.00,8807.00,2352.00,11200.00,1480.00,13152.00
Feb-11,February,2,2011,0.01269,2087.00,4677.00,3313.00,2990.00,4500.00,38.00,210.00,30.00,102.44,94.53,1777.00,5670.00,2207.00,1800.00,2041.00,5280.00,3420.00,2467.00,17.00,70.00,4000.00,2700.00,42.60,36.00,2137.00,4482.00,51.00,1586.00,7027.00,2700.00,78.00,49.00,35.80,1130.00,7000.00,55.00,12000.00,1915.00,4600.00,1450.00,4246.00,1233.00,1274.90,12937.50,2297.00,10800.00,1430.00,13000.00
Mar-11,March,3,2011,0.01202,2210.00,5185.00,5410.00,2948.00,4550.00,40.00,215.00,32.00,111.17,107.52,2072.00,6109.00,3454.00,3257.00,2454.00,5880.00,3925.00,2714.00,22.00,70.00,6100.00,2700.00,46.00,36.00,2250.00,5365.00,52.00,1510.00,6696.00,2947.50,87.00,50.00,35.00,1119.00,6800.00,55.00,11750.00,1930.00,4550.00,1191.00,3600.00,1800.00,1326.00,17750.00,2279.00,9087.00,1445.00,13340.00
Apr-11,April,4,2011,0.01207,2500.00,7287.00,5330.00,3000.00,4600.00,40.00,225.00,30.00,115.35,108.02,2317.00,7650.00,3760.00,2655.00,2800.00,6300.00,4253.00,3200.00,30.00,80.00,5800.00,2700.00,54.90,44.00,2593.00,6373.00,54.00,1484.00,6302.00,3150.00,93.00,52.00,33.30,1115.00,6800.00,57.00,11750.00,2040.00,6300.00,1419.00,6111.00,2122.00,1416.00,12333.30,1837.00,13067.00,1449.00,13351.00
May-11,May,5,2011,0.01188,3193.00,7127.00,3588.00,3000.00,4187.00,40.00,230.00,30.00,114.93,106.30,3103.00,8700.00,3600.00,2660.00,3547.00,7887.00,4452.00,3573.00,45.00,85.00,4933.00,2700.00,60.00,44.60,3207.00,6173.00,57.00,1469.00,6106.00,3150.00,110.00,55.00,39.00,1026.00,6600.00,58.00,10000.00,1960.00,7186.00,1500.00,9800.00,2010.00,1510.00,13000.00,1898.00,8945.00,1464.00,13503.00
Jun-11,June,6,2011,0.0114,3800.00,6285.00,2660.00,3275.00,4400.00,40.00,230.00,30.00,115.14,107.16,3800.00,9000.00,1540.00,5400.00,4620.00,7600.00,3500.00,4370.00,46.00,85.00,3450.00,2700.00,64.00,45.60,3800.00,5500.00,59.00,1388.00,5872.00,3465.00,140.00,56.00,36.70,1010.00,6500.00,58.00,12500.00,2023.00,6455.00,1440.00,3150.00,2100.00,1322.65,12416.60,1865.00,8945.00,1471.00,13620.00
Jul-11,July,7,2011,0.01125,4225.00,4945.00,1875.00,3720.00,4600.00,41.00,225.00,30.00,115.16,106.21,4225.00,6660.00,1000.00,4669.00,4800.00,7020.00,3375.00,4220.00,45.00,85.00,2767.00,3000.00,74.80,53.00,4030.00,5170.00,63.00,1237.00,3569.00,3600.00,125.00,57.00,37.00,1000.00,6300.00,59.00,15000.00,2050.00,6240.00,1320.00,5107.00,2763.00,1388.00,13000.00,1733.00,9141.00,1404.00,13112.00
Aug-11,August,8,2011,0.01093,3540.00,5487.00,2343.00,3727.00,4600.00,40.00,237.00,30.00,117.49,108.57,3201.00,6000.00,1000.00,2250.00,3867.00,7009.00,2583.00,3613.00,39.00,86.00,2950.00,3600.00,72.70,59.20,3132.00,5733.00,63.00,1219.00,3414.00,3870.00,119.00,58.00,37.50,980.00,6200.00,59.00,15000.00,1695.00,5420.00,1280.00,7524.00,2475.00,1425.00,21000.00,1879.00,7521.00,1386.00,12805.00
Sep-11,September,9,2011,0.01054,3096.00,6846.00,2862.00,3600.00,4600.00,42.00,250.00,33.00,119.12,109.55,2976.00,5706.00,1212.00,2424.00,3280.00,6848.00,3354.00,3596.00,41.00,75.00,3133.00,3600.00,65.60,62.20,2980.00,6344.00,65.00,1177.00,3323.00,4050.00,116.00,60.00,#N/A,960.00,6150.00,60.00,21233.00,1847.60,4850.00,1100.00,#N/A,#N/A,1519.65,15750.00,1804.00,7731.00,1358.00,12510.00
Oct-11,October,10,2011,0.01,3059.00,5918.00,3379.00,3600.00,4600.00,43.00,240.00,33.00,119.12,109.55,2725.00,6330.00,1810.00,3000.00,3200.00,7200.00,3984.00,3600.00,41.00,78.00,3800.00,4500.00,64.00,55.00,3015.00,5275.00,67.00,1751.00,8971.00,4275.00,110.00,63.00,#N/A,1100.00,6500.00,60.00,9000.00,2111.00,6100.00,1830.00,#N/A,#N/A,1515.00,13625.00,1604.00,7937.00,1340.00,12482.00
Nov-11,November,11,2011,0.01081,3200.00,5580.00,3588.00,3680.00,4680.00,40.00,250.00,33.00,122.32,112.62,2844.00,6371.00,2148.00,4608.00,3520.00,7093.00,4460.00,3600.00,41.00,78.00,4100.00,4500.00,64.23,53.00,3284.00,6520.00,71.00,2155.00,10512.00,4086.00,113.00,#N/A,#N/A,1300.00,8000.00,65.00,8000.00,2068.00,#N/A,#N/A,#N/A,#N/A,1592.00,11777.00,2023.00,7081.00,1371.00,12564.00
Dec-11,December,12,2011,0.01171,3200.00,5666.00,3702.00,3676.00,6751.00,40.00,250.00,35.00,121.60,112.64,2920.00,5321.00,2045.00,3798.00,3584.00,6464.00,4282.00,3600.00,43.00,88.00,4000.00,4500.00,64.58,53.75,3234.00,4751.00,74.00,2611.00,10717.00,4050.00,104.00,#N/A,35.00,1464.00,9991.00,50.00,16000.00,2332.00,#N/A,#N/A,10000.00,2800.00,1976.00,17500.00,2632.00,10411.00,2200.00,15400.00
Jan-12,January,1,2012,0.01176,3160.00,5340.00,4685.00,3790.00,4700.00,43.00,250.00,35.00,111.64,106.60,2800.00,5400.00,2140.00,3600.00,3600.00,6455.00,4730.00,3630.00,42.00,72.00,5200.00,4500.00,61.35,50.90,3020.00,5470.00,76.00,2744.00,11701.00,4050.00,106.00,61.50,33.00,1845.00,12667.00,60.00,17950.00,2953.00,8120.00,2610.00,11000.00,2350.00,2094.00,14000.00,2417.00,13952.00,2040.00,15000.00
Feb-12,February,2,2012,0.01221,2945.00,5780.00,4200.00,3800.00,4700.00,43.00,250.00,39.00,111.51,105.21,2650.00,5400.00,2315.00,3600.00,3500.00,6530.00,5050.00,3500.00,38.00,72.00,4000.00,2650.00,56.00,44.10,2830.00,5170.00,76.00,2854.00,15540.00,3960.00,105.00,60.80,30.00,1845.00,12876.00,50.00,16567.00,2700.00,8090.00,2670.00,12110.00,2840.00,2070.00,18000.00,2801.00,18821.00,2020.00,14500.00
Mar-12,March,3,2012,0.01225,2690.00,5950.00,4845.00,3545.00,4700.00,45.00,250.00,45.00,115.10,106.96,2560.00,5670.00,2585.00,3600.00,3200.00,6800.00,5400.00,3440.00,37.00,76.00,4800.00,2700.00,54.98,49.12,2665.00,5905.00,78.00,3011.00,15691.00,3105.00,102.00,61.50,#N/A,2375.00,13675.00,50.00,19000.00,2738.00,8800.00,2720.00,12680.00,2900.00,1952.95,16500.00,2951.00,15000.00,2500.00,14900.00
Apr-12,April,4,2012,0.01218,2775.00,6075.00,4856.00,3375.00,4700.00,48.00,230.00,48.00,116.80,107.88,2800.00,7334.00,3450.00,3758.00,3800.00,6860.00,5350.00,3660.00,37.00,78.00,5200.00,2700.00,60.13,50.54,2885.00,6165.00,78.00,3122.00,16517.00,2700.00,118.00,62.00,32.60,2600.00,14660.00,45.00,19500.00,2531.00,9480.00,2920.00,13200.00,3150.00,1809.00,15200.00,3123.00,14120.00,2900.00,16500.00
May-12,May,5,2012,0.01205,3682.00,6370.00,5122.00,3353.00,4884.00,48.00,230.00,43.00,119.82,108.62,3432.00,8784.00,4395.00,6750.00,4400.00,7480.00,6000.00,4000.00,41.00,78.00,5180.00,2700.00,58.75,44.50,3500.00,6350.00,79.00,3350.00,17131.00,2822.00,125.00,62.00,35.00,2799.00,14800.00,40.00,19988.00,2817.00,14000.00,3370.00,15380.00,3640.00,2020.00,15000.00,3279.00,14000.00,3000.00,17000.00
Jun-12,June,6,2012,0.01198,3650.00,6240.00,4070.00,3700.00,5280.00,46.00,233.00,40.00,108.46,97.50,2960.00,8800.00,2740.00,5693.00,4280.00,7230.00,4896.00,4000.00,41.00,83.00,5133.00,3300.00,58.65,52.94,3375.00,6820.00,79.00,3465.00,18483.00,3300.00,116.00,62.00,32.50,2608.00,14000.00,40.00,20000.00,3014.00,14150.00,3495.00,18917.00,3958.00,1954.00,19500.00,3002.00,13560.00,#N/A,#N/A
Jul-12,July,7,2012,0.01208,3615.00,5290.00,2995.00,3600.00,5400.00,40.00,233.00,35.00,106.48,97.09,2870.00,7718.00,2430.00,3713.00,4000.00,6745.00,3800.00,3560.00,,,3800.00,4050.00,68.20,50.10,3303.00,5289.00,80.00,3801.00,18535.00,3958.00,106.00,63.00,32.00,2448.00,13550.00,38.00,21000.00,3104.00,14080.00,3270.00,19200.00,4383.00,1867.00,20000.00,3214.00,13112.00,#N/A,#N/A
Aug-12,August,8,2012,0.01211,3327.00,5150.00,3276.00,3061.00,5397.00,40.00,233.00,35.00,106.48,97.09,3044.00,7272.00,1521.00,3852.00,3880.00,6332.00,3836.00,3796.00,42.00,81.00,3800.00,4500.00,62.55,51.60,3140.00,5208.00,80.00,4137.00,19684.00,3494.00,116.00,65.00,#N/A,2600.00,13550.00,38.00,21000.00,2845.00,14020.00,3210.00,#N/A,#N/A,1928.00,17500.00,3332.00,12125.00,2950.00,17600.00
Sep-12,September,9,2012,0.01201,2998.00,5356.00,3505.00,3693.00,5000.00,40.00,233.00,30.00,108.95,101.07,2760.00,6908.00,1783.00,4500.00,3370.00,6200.00,4484.00,3320.00,42.00,84.00,4145.00,4500.00,66.00,51.24,2955.00,5369.00,80.00,4664.00,21478.00,3600.00,116.00,68.00,30.00,2422.00,13000.00,40.00,21000.00,2988.00,13770.00,3030.00,18600.00,4600.00,1983.00,20571.00,2900.00,12125.00,3000.00,17650.00
Oct-12,October,10,2012,,,,,,,,,,,,,,,,,,,,,,,,,,,,,,,,,,,,,,,,,,,,,,,,,
Nov-12,November,11,2012,,,,,,,,,,,,,,,,,,,,,,,,,,,,,,,,,,,,,,,,,,,,,,,,,
Dec-12,December,12,2012,,,,,,,,,,,,,,,,,,,,,,,,,,,,,,,,,,,,,,,,,,,,,,,,,
Jan-13,January,,2013,,,,,,,,,,,,,,,,,,,,,,,,,,,,,,,,,,,,,,,,,,,,,,,,,
Feb-13,February,,2013,,,,,,,,,,,,,,,,,,,,,,,,,,,,,,,,,,,,,,,,,,,,,,,,,
Mar-13,March,,2013,,,,,,,,,,,,,,,,,,,,,,,,,,,,,,,,,,,,,,,,,,,,,,,,,
Apr-13,April,,2013,,,,,,,,,,,,,,,,,,,,,,,,,,,,,,,,,,,,,,,,,,,,,,,,,
May-13,May,,2013,,,,,,,,,,,,,,,,,,,,,,,,,,,,,,,,,,,,,,,,,,,,,,,,,
Jun-13,June,,2013,,,,,,,,,,,,,,,,,,,,,,,,,,,,,,,,,,,,,,,,,,,,,,,,,
Jul-13,July,,2013,,,,,,,,,,,,,,,,,,,,,,,,,,,,,,,,,,,,,,,,,,,,,,,,,
Aug-13,August,,2013,,,,,,,,,,,,,,,,,,,,,,,,,,,,,,,,,,,,,,,,,,,,,,,,,
Sep-13,September,,2013,,,,,,,,,,,,,,,,,,,,,,,,,,,,,,,,,,,,,,,,,,,,,,,,,
Oct-13,October,,2013,,,,,,,,,,,,,,,,,,,,,,,,,,,,,,,,,,,,,,,,,,,,,,,,,
Nov-13,November,,2013,,,,,,,,,,,,,,,,,,,,,,,,,,,,,,,,,,,,,,,,,,,,,,,,,
Dec-13,December,,2013,,,,,,,,,,,,,,,,,,,,,,,,,,,,,,,,,,,,,,,,,,,,,,,,,